id;first_name;last_name;age;password;accesLevel
1;Marlene;Kubat;4;OyDEQvB;0
2;Darcey;Regnard;47;kB17ZYEqyuFZ;1
3;Florida;Stag;93;OCRi5Yp;0
4;Ashbey;Hazley;20;UWyUp9J;0
5;Lorie;Blackett;50;RLN6cxac;1
6;Marguerite;Maplethorpe;78;LZrVyu5Gkg;1
7;Tore;Sherrington;72;IZQLXF;0
8;Callida;Billin;7;GejDcde;1
9;Tobye;Behnke;29;IS8bLZ;1
10;Temple;Cordingly;24;dSKStblL6Yg;1
11;Kristel;Penrith;92;aNW4NnM;1
12;Harlie;Shemming;11;i6f19zhCiH1P;1
13;Merilyn;Mountjoy;70;qt45Gd0RJcvY;1
14;Jo-ann;Couzens;52;edNIntVziVjj;1
15;Eliot;Rainville;59;fMD13y;0
16;Rock;Okill;42;KxabVTBfzxOK;0
17;Bobbie;Goggin;97;iIWwVbBuu;1
18;Fred;Schrei;48;xt91Kt;1
19;Baily;Addis;97;aUjFK5lHlfn;0
20;Tedman;Brampton;88;VzVHcIb7UEMv;0
21;Toinette;Hughes;33;JHWxtseq;0
22;Mario;Mellonby;3;BnnBOJT7ac;1
23;Deerdre;Deerr;53;L3X7So;0
24;Buiron;Baldick;7;HIU4DNU;0
25;Donovan;Keller;43;7pKgij5bQ;0
26;Ned;Penright;59;EfaNAYUh;0
27;Monte;Castelijn;14;GD0NCn;0
28;Starla;Saleway;100;KnH08xh9;0
29;Ula;Crump;4;T4S2jIUZS1U8;0
30;Ransom;Asif;71;0z4Vjn5WT;1
31;Sherwin;Tremollet;96;ANnpD2pn0WQ;0
32;Ginnifer;Taft;43;g6di9g5R777W;0
33;Derby;Ambrosetti;82;WyXwqe1v;1
34;Dottie;Marrion;58;VAY1T9Hnk5;0
35;Archibaldo;Cornier;19;8sETix;1
36;Padget;Andrez;99;6vwEWLw3gUHj;0
37;Ardelis;Dransfield;99;9qNuc1nbG;0
38;Allen;Ivie;91;a4YRNyCqfj;1
39;Northrup;Comins;27;nGC6Fz7zu;1
40;Suzette;Garman;59;xo6G4FYA;0
41;Aharon;Howlings;64;aSD8SvFnD;1
42;Janis;Matkovic;96;axAv6nZ;0
43;Kellina;West;31;dsw6s91iGFW;1
44;Iorgos;Rickersy;92;khjMzl;1
45;Dimitri;Ganforth;60;bw11fJu3lu;0
46;Abbye;Elles;93;GgljbA7RwQRG;1
47;Barnebas;Obell;90;RkwWRxgZzDC;1
48;Kean;Kinnett;36;mneNYtRO;0
49;Clarissa;Broadbere;64;XLthmSGxeTsK;0
50;Koral;Andryushchenko;8;7qGI9c;1
51;Tammie;Ragat;85;0Vw233nq;1
52;Adlai;O'Longain;62;R2451chh0t5;0
53;Heinrick;Dwyer;37;KXuc7u370Pr;1
54;Tomi;Poytress;38;U7m18PU;0
55;Reece;O'Ferris;96;r9AuB7EqE;1
56;Natalya;Goldsack;66;zIcllGf;1
57;Elset;Gaize;52;Ys4l3o8bft36;1
58;Tonya;Kenna;36;MVDBDWzUmDMr;1
59;Lynnette;Deex;95;jrwneYug1V;0
60;Justen;Sommerville;79;UqRkyhzU0p;1
61;Faustina;Gives;36;b03fTX;0
62;Esme;Empringham;39;Co3qbYNyZZ77;1
63;Cicily;Shurmore;8;fMM7Bq7jNfV;1
64;Jonah;Doldon;87;5x85Fo;1
65;Dion;Bebis;38;ULoLtsVHV;1
66;Berke;Paull;49;iLcuTQFtYRk;0
67;Garrick;Hanway;19;UK15E01V2pjk;0
68;Kathlin;Atlay;79;oZbog7MG;1
69;Kary;Alstead;84;S2GiOn0Y0S;0
70;Ambrosius;Quinion;19;EuzNt0z4;0
71;Maryjane;Quinn;83;tSqoGkKT;1
72;Tatiania;Macken;2;HLbr7UO4gK;1
73;Mace;Newlands;32;tOS0LUrj1b7A;0
74;Isa;Patrie;100;IfbCZRVAW;1
75;Alice;Parcell;70;VZpgArrCzi;1
76;Cheryl;Carverhill;100;w1qW2JFvLUj;1
77;Eloisa;Brigginshaw;41;YMBDD1;0
78;Isidora;Barczynski;44;FFRR4hf6KrQo;0
79;Forrest;Chiddy;7;7FShWw;0
80;"L;urette";Bowsher;36;0kwkkiBo;0
81;Fan;Francesco;79;KjmbZqjlXVy;0
82;Reynolds;Yosifov;90;BbnDfw;1
83;Donica;Bolland;79;P9JAwdEFPN;0
84;Sofia;Wikey;91;OjEIvSkAy;0
85;Meade;Hackford;37;e3zXrLnzZ7A7;1
86;Candide;Mulqueeny;43;8IHTjLpEgTKf;1
87;Noell;MacNucator;72;mP9C9evLa;0
88;Somerset;Boise;23;Q29YEvplWsJX;0
89;Vassili;Webber;52;TPR8ni;1
90;Kyle;Ertelt;23;HMrPexGPOslT;1
91;Cloris;Behnecke;64;MlJBZsx;1
92;Lisbeth;Kimmins;81;he9AsvU7yM;1
93;Adora;Entreis;52;BHqUxXe;0
94;Kristian;Maud;16;hEum5prD;0
95;Belinda;Calliss;1;yLgnZW0eo;1
96;Ursola;Varney;67;UEAklvuswNT4;1
97;Faye;Seeds;85;tp0IPRjOA;1
98;Willa;Guirardin;17;AG8OFCitz2;1
99;Edna;Maass;68;h5s855Rg;0
100;Giffard;Fowley;87;N9iRwKHl;0
